"hbw_name","wikidata_qid","hex","type","is_natural_plumage"
"Q10931309","Q10931309","1E3124","General",TRUE
"Q1115352","Q1115352","98FF98","General",TRUE
"Q11273328","Q11273328","735340","General",TRUE
"Q11275076","Q11275076","767676","General",TRUE
"Q11277446","Q11277446","35271D","General",TRUE
"Q11277447","Q11277447","561E21","General",TRUE
"Q11277448","Q11277448","413027","General",TRUE
"Q11299443","Q11299443","ECE0D1","General",TRUE
"Q11299444","Q11299444","D6BC96","General",TRUE
"Q11299445","Q11299445","E0C37B","General",TRUE
"Q11299448","Q11299448","E2A665","General",TRUE
"Q11299450","Q11299450","CFAC84","General",TRUE
"Q11521543","Q11521543","E03625","General",TRUE
"Q11521544","Q11521544","B53D27","General",TRUE
"Q11521545","Q11521545","CA4F3C","General",TRUE
"Q11538290","Q11538290","8A604F","General",TRUE
"Q11559789","Q11559789","546C55","General",TRUE
"Q11567021","Q11567021","43625B","General",TRUE
"Q11567022","Q11567022","AAAAAA","General",TRUE
"Q11567023","Q11567023","C5C5C5","General",TRUE
"Q11579208","Q11579208","E7E7E8","General",TRUE
"Q115959703","Q115959703","007B39","General",TRUE
"Q11607727","Q11607727","246029","General",TRUE
"Q11607728","Q11607728","006157","General",TRUE
"Q11607730","Q11607730","354F33","General",TRUE
"Q11625224","Q11625224","973C3F","General",TRUE
"Q11635154","Q11635154","C32829","General",TRUE
"Q11635155","Q11635155","DD3355","General",TRUE
"Q11635156","Q11635156","88474B","General",TRUE
"Q11635157","Q11635157","B2152B","General",TRUE
"Q11635158","Q11635158","852B32","General",TRUE
"Q11635160","Q11635160","7A453D","General",TRUE
"Q11635162","Q11635162","563533","General",TRUE
"Q11660960","Q11660960","234059","General",TRUE
"Q11660961","Q11660961","003F6C","General",TRUE
"Q11660962","Q11660962","00859E","General",TRUE
"Q11660964","Q11660964","2A3444","General",TRUE
"Q11660965","Q11660965","324C51","General",TRUE
"Q11662688","Q11662688","009786","General",TRUE
"Q11662689","Q11662689","003835","General",TRUE
"Q11677708","Q11677708","E3B144","General",TRUE
"Q11677709","Q11677709","988054","General",TRUE
"Q11677710","Q11677710","CA6A1F","General",TRUE
"Q11677908","Q11677908","2A2A2A","General",TRUE
"Q117286085","Q117286085","004F8A","General",TRUE
"Q117286092","Q117286092","00ACD1","General",TRUE
"Q121347242","Q121347242","E31836","General",TRUE
"Q12901869","Q12901869","FF2400","General",TRUE
"Q18657380","Q18657380","C9780C","General",TRUE
"Q18657831","Q18657831","D3CBAF","General",TRUE
"Q18658385","Q18658385","B8DDC8","General",TRUE
"Q18659392","Q18659392","C7EDCC","General",TRUE
"Q20046295","Q20046295","90D7EC","General",TRUE
"Q24836976","Q24836976","625B57","General",TRUE
"Q3556227","Q3556227","A5D152","General",TRUE
"Q3907669","Q3907669","D1E189","General",TRUE
"Q3984546","Q3984546","160F0B","General",TRUE
"Q56324873","Q56324873","3B4B87","General",TRUE
"Q65239920","Q65239920","FFDC00","General",TRUE
"Q87647352","Q87647352","94A8B0","General",TRUE
"Q97342238","Q97342238","F7E19E","General",TRUE
"Q97376472","Q97376472","316745","General",TRUE
"#FFFFFE","Q105883127","FFFFFE","General",TRUE
"Absolute Zero","Q125706334","0048BA","General",TRUE
"Air Force blue","Q1770362","5D8AA8","General",TRUE
"American beauty","Q131398740","A73340","General",TRUE
"Ayanami Blue","Q91417704","6DABE4","General",TRUE
"Baker-Miller Pink","Q4849102","FF91AF","General",TRUE
"Berliner Blau","Q97528669","003153","General",TRUE
"Blue (CMYK) (pigment blue)","Q57305216","333399","General",TRUE
"Blue (Munsell)","Q57305337","0093AF","General",TRUE
"Blue (NCS)","Q57305302","0087BD","General",TRUE
"Blurple","Q111889906","5865F2","General",TRUE
"Bright Mango","Q112056389","FF8830","General",TRUE
"Cambridge Blue","Q5025363","A3C1AD","General",TRUE
"Cloudflare Orange 1","Q111960788","F6821F","General",TRUE
"Coyote brown","Q18349136","81613C","Pigmentary",TRUE
"Dawn Red","Q11090565","E60039","General",TRUE
"Dodger blue","Q856862","1E90FF","General",TRUE
"Duke royal blue","Q89507824","00539B","General",TRUE
"Edo purple","Q97379214","745399","General",TRUE
"English red","Q26187774","AB4E52","General",TRUE
"Ericameria flower yellow","Q124302392","F9C647","General",TRUE
"Ericameria stem teal","Q124302510","BFD8D2","General",TRUE
"Erin","Q60785280","00FF40","General",TRUE
"FT pink","Q101786150","EBC7B2","General",TRUE
"Gray21","Q12901657","363636","General",TRUE
"Gray22","Q106622682","383838","General",TRUE
"Green Legnano","Q4009896","B5D01F","General",TRUE
"Green No. 15","Q11607726","2E8B57","General",TRUE
"Grey-Asparagus","Q3776736","465945","Pigmentary",TRUE
"Hanada","Q30950539","267CA7","General",TRUE
"Hiwa-iro","Q11676208","CBC547","General",TRUE
"India green","Q24574924","138808","General",TRUE
"Islamic green","Q111080140","009900","General",TRUE
"Israel blue","Q61927422","0038B8","General",TRUE
"Kintetsu maroon","Q18991864","9D0023","General",TRUE
"Kyō purple","Q11374716","772F6D","General",TRUE
"Light Carmine Pink","Q136457814","E66771","General",TRUE
"Madder","Q11617258","B13546","General",TRUE
"Mandarin orange","Q3844391","FFCC00","General",TRUE
"Marrs green","Q39046969","008C8C","General",TRUE
"Matsuzaki-Shigeru color","Q11278400","A54A5A","General",TRUE
"Mikado yellow","Q6845574","FFC40C","General",TRUE
"Morello","Q25343693","200042","General",TRUE
"NCS blue","Q69915238","0087BD","General",TRUE
"NCS green","Q69914710","009F6B","General",TRUE
"NCS red","Q69914380","C40233","General",TRUE
"NCS yellow","Q69914970","FFD300","General",TRUE
"Nymphenschenkelfarbe","Q3007035","FEE7F0","General",TRUE
"Orientrot","Q98148703","A7323E","General",TRUE
"Pantone 108 C","Q106918430","FEDB00","General",TRUE
"Pantone 116 C","Q110396570","FFCD00","General",TRUE
"Pantone 123 C","Q107674801","FFC72C","General",TRUE
"Pantone 1505 C","Q106918418","FF6900","General",TRUE
"Pantone 1645 C","Q106918948","FF6A39","General",TRUE
"Pantone 165 C","Q106621595","FF6720","General",TRUE
"Pantone 179 C","Q107674802","E03C31","General",TRUE
"Pantone 200 C","Q106940527","BA0C2F","General",TRUE
"Pantone 2001 C","Q128034293","F8E59A","General",TRUE
"Pantone 2003 C","Q106926168","F9E267","General",TRUE
"Pantone 203 C","Q106940583","ECB3CB","General",TRUE
"Pantone 2035 C","Q106918387","D6001C","General",TRUE
"Pantone 2084 C","Q106925206","7F35B2","General",TRUE
"Pantone 2239 C","Q106940464","00CFB4","General",TRUE
"Pantone 2423 C","Q106918436","00AA13","General",TRUE
"Pantone 2597 C","Q106918449","5C068C","General",TRUE
"Pantone 268 C","Q106620932","582C83","General",TRUE
"Pantone 2758 C","Q106918444","001E62","General",TRUE
"Pantone 280 C","Q110396519","012269","General",TRUE
"Pantone 280 U","Q97624378","3C4981","General",TRUE
"Pantone 282 U","Q97623821","434967","General",TRUE
"Pantone 293 C","Q106918440","003DA5","General",TRUE
"Pantone 2935 C","Q94689768","0057B8","General",TRUE
"Pantone 297 C","Q106923466","71C5E8","General",TRUE
"Pantone 310 C","Q106622686","6AD1E3","General",TRUE
"Pantone 421 C","Q110396943","B2B4B1","General",TRUE
"Pantone 432 U","Q97624424","676C73","General",TRUE
"Pantone 4625 U","Q114876979","532E1F","General",TRUE
"Pantone 485 C","Q107311245","DA291C","General",TRUE
"Pantone 567 U","Q97623544","4A635D","General",TRUE
"Pantone 712 C","Q105036818","FCC89B","General",TRUE
"Pantone 7406 C","Q97623594","FFCB05","General",TRUE
"Pantone 7406 U","Q114877009","F1C500","General",TRUE
"Pantone 803 C","Q136525233","FFE900","General",TRUE
"Pantone 812 C","Q105036822","FF5FA2","General",TRUE
"Pantone Blue 072 C","Q110397017","10059F","General",TRUE
"Pantone Reflex Blue","Q109591831","001489","General",TRUE
"Papaya whip","Q3894699","FFEFD5","General",TRUE
"Persian Indigo","Q11144247","32127A","General",TRUE
"Persian green","Q5922149","00A693","General",TRUE
"Persimmon","Q8217074","EC5800","General",TRUE
"Pink","Q24239857","FFC0DB","General",TRUE
"Princeton orange","Q103888297","E87722","General",TRUE
"Rebecca purple","Q84237818","663399","General",TRUE
"Reseda green","Q25349006","587246","General",TRUE
"Savoy blue","Q3641120","4B61D1","General",TRUE
"Seymour Purple","Q134313514","4E2983","General",TRUE
"Shinbashi colour","Q11502631","59B9C6","General",TRUE
"Skagen yellow","Q71460159","E5B165","General",TRUE
"Stanford Cardinal Red","Q126888533","8C1515","General",TRUE
"Telltale red","Q124216405","962F25","General",TRUE
"Tyrian purple","Q112732593","990024","General",TRUE
"Tǔ huángsè","Q10927920","E89B00","General",TRUE
"UN blue","Q2145530","009EDB","General",TRUE
"Vegas gold","Q97106579","C5B358","General",TRUE
"Yellow Green No. 6","Q11677801","7BAB4F","General",TRUE
"Zima blue","Q65034853","5BC2E7","General",TRUE
"amphora","Q106510555","D88256","General",TRUE
"ancient purple","Q97377848","8C6589","General",TRUE
"anthracite","Q2853007","2B292E","General",TRUE
"antique pink","Q19361243","D47479","General",TRUE
"antique ruby","Q123852956","841B2D","Iridescent",TRUE
"army green","Q2553431","4B5320","General",TRUE
"ash grey","Q3776737","E4E5E0","Pigmentary",TRUE
"asparagus","Q2866788","7BA05B","General",TRUE
"avocado","Q131618362","568203","General",TRUE
"azalea","Q25336659","D3305D","General",TRUE
"baby blue","Q2294901","89CFF0","General",TRUE
"baby powder","Q110102807","FEFEFA","General",TRUE
"basalt black","Q124302386","3E3E3E","Pigmentary",TRUE
"battleship grey","Q109442450","848482","Pigmentary",TRUE
"beige green","Q25402007","BEBD7F","General",TRUE
"big dip o'ruby","Q123852873","9C2542","Iridescent",TRUE
"bisque","Q2904722","FFE4C4","General",TRUE
"bister","Q76011056","3D2B1F","General",TRUE
"black russian","Q112732637","025DD2","Pigmentary",TRUE
"blackish","Q115413850","2C2C2A","Pigmentary",TRUE
"blackish-purple","Q124328099","291E29","Pigmentary",TRUE
"blanched almond","Q90278470","FFEBCD","General",TRUE
"blond","Q115918071","FAF0BE","General",TRUE
"blue no. 24","Q11660963","00B2E5","General",TRUE
"blue-magenta","Q121715819","4B0082","General",TRUE
"bone white","Q114420553","F9F6EE","Pigmentary",TRUE
"bottle green","Q3556203","006A4E","General",TRUE
"brass","Q109441995","B5A642","General",TRUE
"brick red","Q98111784","CB4154","General",TRUE
"bright cream","Q2905897","FEFEE2","General",TRUE
"bright orange","Q93493270","E76318","General",TRUE
"bright pastel pink","Q132858662","F6B2D7","General",TRUE
"bright ube","Q115653670","D19FE8","General",TRUE
"bright yellow","Q136525184","FFE900","General",TRUE
"brighter dark red","Q60679352","990000","General",TRUE
"brown special","Q24239813","532F15","Pigmentary",TRUE
"brownish","Q124309091","9C6D57","Pigmentary",TRUE
"burlywood","Q90793919","DEB887","General",TRUE
"burnt orange","Q3621276","CC5500","General",TRUE
"cadet blue","Q90799158","5F9EA0","General",TRUE
"cadmium orange","Q3621275","E36122","General",TRUE
"camouflage green","Q4009899","78866B","General",TRUE
"canary","Q110103247","FFFF99","General",TRUE
"candy apple red","Q13631176","FF0800","General",TRUE
"capsicum red","Q133234124","E40F0C","General",TRUE
"caramel","Q2937858","7E3300","General",TRUE
"carmine pink","Q64211725","FB503B","General",TRUE
"carnelian","Q5043987","B31B1B","General",TRUE
"carrot red","Q3660634","ED9133","General",TRUE
"celadon","Q2541418","ACE1AF","General",TRUE
"celadon green","Q3556204","83A697","General",TRUE
"chalk white","Q115924565","E6E9E9","Pigmentary",TRUE
"champagne","Q5069879","FAF2C5","General",TRUE
"charcoal","Q109435152","36454F","General",TRUE
"charcoal grey","Q96803467","3C4142","Pigmentary",TRUE
"chartreuse green","Q97342321","D9E367","General",TRUE
"cherry blossom pink","Q11538188","FEEEED","General",TRUE
"chili pepper","Q106065949","9B1B30","General",TRUE
"china blue","Q110103231","53677A","General",TRUE
"cigar brown","Q90809398","6D4F4B","Pigmentary",TRUE
"cinereous","Q5120881","98817B","General",TRUE
"cinnabar green","Q4009897","58791E","General",TRUE
"citrine","Q5122822","E4D00A","General",TRUE
"citron","Q2974481","DDD06A","General",TRUE
"clam pink","Q18658462","FDFFF4","General",TRUE
"cloud white","Q137071644","F2F2ED","Pigmentary",TRUE
"cobalt violet","Q4013847","74489C","General",TRUE
"color of safflower","Q11538718","FFD768","General",TRUE
"cool black","Q111812647","002E63","Pigmentary",TRUE
"cork","Q106061107","40291D","General",TRUE
"cornsilk","Q90809250","FFF8DC","General",TRUE
"coyote","Q106006497","DDB77B","General",TRUE
"cyan","Q87067369","00FFFF","General",TRUE
"cyclamen","Q20529018","F56FA1","General",TRUE
"daffodil","Q110102703","FFFF31","General",TRUE
"dark  orange","Q90799164","FF8C00","General",TRUE
"dark Teal Tune","Q112083819","115077","General",TRUE
"dark blue","Q11606233","233B6C","General",TRUE
"dark charcoal","Q130530219","333333","General",TRUE
"dark cyan","Q90809255","008B8B","General",TRUE
"dark goldenrod","Q90809261","B8860B","Iridescent",TRUE
"dark indigo","Q113448965","310062","General",TRUE
"dark jungle green","Q111851367","1A2421","General",TRUE
"dark khaki","Q90809266","BDB76B","General",TRUE
"dark magenta","Q90809273","8B008B","General",TRUE
"dark olive green","Q90809281","556B2F","General",TRUE
"dark orchid","Q90809286","9932CC","General",TRUE
"dark ruby","Q115944478","6C4541","Iridescent",TRUE
"dark sea green","Q90809303","8FBC8F","General",TRUE
"dark slate blue","Q90809308","483D8B","General",TRUE
"dark slate gray","Q90809316","2F4F4F","General",TRUE
"dark turquoise","Q84430751","00CED1","Iridescent",TRUE
"dark violet","Q90809330","9400D3","General",TRUE
"dark yellow","Q124153022","FFCC00","General",TRUE
"deep blue","Q112732567","0C1B32","General",TRUE
"deep pink","Q89328051","FF1493","General",TRUE
"deep purple","Q112732364","391F44","General",TRUE
"deep ruby","Q123852998","843F5B","Iridescent",TRUE
"deep sky blue","Q90809332","00BFFF","General",TRUE
"denim","Q3705434","1560BD","General",TRUE
"dim gray","Q90809337","696969","General",TRUE
"dirty white","Q35625860","DBDCDA","Pigmentary",TRUE
"dove grey","Q136459339","6D6C6C","Pigmentary",TRUE
"duck-egg blue","Q132643994","C3FBF4","General",TRUE
"dull blue","Q115941768","BDCFD2","General",TRUE
"dull red","Q115413993","BB3F3F","General",TRUE
"dusky brown","Q71406823","846655","Pigmentary",TRUE
"ebony","Q109433936","555D50","General",TRUE
"eerie black","Q109433917","1B1B1B","Pigmentary",TRUE
"egg white","Q133289362","F1EDE2","Pigmentary",TRUE
"eggplant","Q56324355","990066","General",TRUE
"eggshell","Q5347944","F0EAD6","General",TRUE
"enji","Q11261134","AE3846","General",TRUE
"fantasy","Q136459479","FAF3F0","General",TRUE
"feijoa","Q128804553","A5D785","General",TRUE
"fern green","Q13424722","4F7942","General",TRUE
"firebrick","Q90809354","B22222","General",TRUE
"flax blue","Q132496788","B5D5E4","General",TRUE
"floral white","Q25402474","FFFAF0","Pigmentary",TRUE
"foliage green","Q115653492","3E6F58","General",TRUE
"folly","Q112175360","FF004F","General",TRUE
"french beige","Q132859887","A67B5B","General",TRUE
"frosted blue","Q2906503","80D0D0","General",TRUE
"fulvous","Q5508507","E48400","General",TRUE
"gainsboro","Q3757283","DCDCDC","General",TRUE
"gentle blue","Q123575515","B4D0E2","General",TRUE
"ghost white","Q5610762","F8F8FF","Pigmentary",TRUE
"ginger green","Q108312069","B2B726","General",TRUE
"golden brown","Q69362239","996515","Iridescent",TRUE
"green pepper","Q137832030","397D02","General",TRUE
"green tea","Q4001278","D0F0C0","General",TRUE
"green-brown","Q119267340","696006","Pigmentary",TRUE
"greenish-white","Q113897502","ccffcc","Pigmentary",TRUE
"greige","Q105996967","B0A999","General",TRUE
"grenadine pink","Q115640836","FF616B","General",TRUE
"ground beef","Q133176313","420005","General",TRUE
"gunmetal","Q901715","020D15","General",TRUE
"harlequin","Q3305070","3FFF00","General",TRUE
"hazel","Q69524026","B5AE6E","General",TRUE
"heliotrope","Q2296108","DF73FF","General",TRUE
"hickory","Q106006725","B7A28E","General",TRUE
"honeydew","Q90809376","F0FFF0","General",TRUE
"hot pink","Q90809383","FF69B4","General",TRUE
"hunter green","Q15141721","355E3B","General",TRUE
"ice blue","Q56887977","99FFFF","General",TRUE
"illuminating emerald","Q60679298","339966","Iridescent",TRUE
"indigo white","Q11622600","EBF6F7","Pigmentary",TRUE
"insignia red","Q24239818","9B2F25","General",TRUE
"isabelline","Q2002932","F4F0EC","General",TRUE
"jade","Q13582464","00A86B","General",TRUE
"jalapeño green","Q137832049","0B4906","General",TRUE
"jasper","Q133187826","343B36","General",TRUE
"jet black","Q123227593","131513","Pigmentary",TRUE
"king blue","Q132459375","375184","General",TRUE
"laser lemon","Q3762379","FFFF66","General",TRUE
"lavender blush","Q89274725","FFF0F5","General",TRUE
"lavender gray","Q115640889","C4C3D0","General",TRUE
"lawn green","Q90809391","7CFC00","General",TRUE
"lead grey","Q115736060","7D7D7C","Pigmentary",TRUE
"licorice","Q109433927","1A1110","General",TRUE
"light  green","Q90809429","90EE90","General",TRUE
"light coral","Q90809405","F08080","General",TRUE
"light cyan","Q90809411","E0FFFF","General",TRUE
"light goldenrod yellow","Q90809422","FAFAD2","Iridescent",TRUE
"light grass green","Q24837001","99E64D","General",TRUE
"light jade","Q3160411","3F9877","General",TRUE
"light lilac","Q115858501","DEC6D3","General",TRUE
"light olive beige","Q25401999","908435","General",TRUE
"light orange","Q68365832","FFA500","General",TRUE
"light pink","Q71873134","FFB6C1","General",TRUE
"light red","Q69692146","FF7F7F","General",TRUE
"light salmon","Q90277986","FFA07A","General",TRUE
"light sea green","Q90809441","20B2AA","General",TRUE
"light sky blue","Q90809445","87CEFA","General",TRUE
"light slate gray","Q90809448","778899","General",TRUE
"light steel blue","Q90809462","B0C4DE","General",TRUE
"light turquoise","Q3631631","AFEEEE","Iridescent",TRUE
"light yellow","Q68223248","FFFFE0","General",TRUE
"lime green","Q98080812","32CD32","General",TRUE
"lobster red","Q110102667","FB551C","General",TRUE
"madder","Q110102658","B7282E","General",TRUE
"madder brown","Q111905166","6B3231","Pigmentary",TRUE
"magenta rose","Q12858979","FF00AF","General",TRUE
"mahogany red","Q70218161","CD4A4C","General",TRUE
"mango","Q25203611","FFC800","General",TRUE
"marigold","Q19572932","F79428","General",TRUE
"medium aquamarine","Q90809465","66CDAA","General",TRUE
"medium blue","Q90809470","0000CD","General",TRUE
"medium orchid","Q90809474","BA55D3","General",TRUE
"medium purple","Q116786995","9370DB","General",TRUE
"medium purple","Q90809480","9370DB","General",TRUE
"medium ruby","Q123852800","CE4676","Iridescent",TRUE
"medium sea green","Q90809482","3CB371","General",TRUE
"medium slate blue","Q90809486","7B68EE","General",TRUE
"medium spring green","Q90809487","00FA9A","General",TRUE
"medium turquoise","Q22934831","48D1CC","Iridescent",TRUE
"milk chocolate","Q137583214","84563C","General",TRUE
"milk white","Q110102849","F4ECD7","Pigmentary",TRUE
"mink","Q106066153","8A7561","General",TRUE
"mint cream","Q90313161","F5FFFA","General",TRUE
"misty rose","Q90809496","FFE4E1","General",TRUE
"moccasin","Q90809502","FFE4B5","General",TRUE
"moegi","Q11620271","A9D159","General",TRUE
"morning blue","Q56887985","8DA399","General",TRUE
"moss green","Q15141724","ADDFAD","General",TRUE
"moss green","Q97376612","ADDFAD","General",TRUE
"mother of pearl","Q106065388","E9D4C3","General",TRUE
"natural silk color","Q55148403","EDE4CD","General",TRUE
"neon blue","Q116787015","1B03A3","General",TRUE
"neon carrot","Q116787017","FFA343","General",TRUE
"nickel","Q116787024","727472","General",TRUE
"nude","Q105993773","E3BC9A","General",TRUE
"office green","Q4009903","008000","General",TRUE
"old lace","Q90809512","FDF5E6","General",TRUE
"old lace","Q101785488","FFF1E0","General",TRUE
"olivaceous","Q132797426","75765C","General",TRUE
"olive drab","Q4009902","6B8E23","General",TRUE
"olive green","Q116787041","BAB86C","General",TRUE
"opal green","Q115959845","005F4E","General",TRUE
"orange vermilion","Q11521542","C16543","General",TRUE
"orange-red","Q60971306","FF4500","General",TRUE
"orange-yellow","Q122998749","F8D568","General",TRUE
"orchid","Q1925148","DA70D6","General",TRUE
"palatinate","Q7126798","68246D","General",TRUE
"pale aqua","Q84435145","BED3E5","General",TRUE
"pale denim","Q15890339","5E86C1","General",TRUE
"pale goldenrod","Q90809519","EEE8AA","Iridescent",TRUE
"pale grey","Q133280730","E9E4E5","Pigmentary",TRUE
"pale violet red","Q90809527","DB7093","General",TRUE
"parrot green","Q115676970","8FB24B","General",TRUE
"pastel brown","Q3849855","C3B091","Pigmentary",TRUE
"pastel green","Q25336662","77DD77","General",TRUE
"pastel pink","Q112246722","FFD1DC","General",TRUE
"pastel red","Q115858787","FF6961","General",TRUE
"peach-orange","Q3900633","FFCC99","General",TRUE
"peach-pink","Q117711817","FA9A85","General",TRUE
"peach-yellow","Q15141414","FADFAD","General",TRUE
"peachpuff","Q90809532","FFDAB9","General",TRUE
"pear","Q3899621","D1E231","General",TRUE
"pearl","Q7158021","EAE0C8","General",TRUE
"pecan","Q106510499","A36E51","General",TRUE
"persimmon","Q11535061","EC5800","General",TRUE
"peru","Q90809535","CD853F","General",TRUE
"pine forest","Q112732350","33443B","General",TRUE
"pine green","Q3556225","01796F","General",TRUE
"pinkish","Q119985571","FFE4E1","General",TRUE
"pinkish-purple","Q117750933","D34BD6","General",TRUE
"pinkish-white","Q114002049","FFF6F6","Pigmentary",TRUE
"platinum","Q3906414","E5E4E2","General",TRUE
"plum","Q3108722","843179","General",TRUE
"poppy red","Q115942166","DC343B","General",TRUE
"powder blue","Q90809540","B0E0E6","General",TRUE
"purplish","Q124327881","750080","General",TRUE
"purplish red","Q114001780","70053B","General",TRUE
"putty","Q106060357","BEAE8A","General",TRUE
"quarry","Q106066018","98A0A5","General",TRUE
"raisin black","Q19599545","242124","Pigmentary",TRUE
"raven black","Q115702282","242425","Pigmentary",TRUE
"reddish","Q124327873","C44240","General",TRUE
"reddish Naples yellow","Q3762369","FAC3A2","General",TRUE
"reddish purple","Q115185412","910951","General",TRUE
"robin egg blue","Q4006208","00CCCC","General",TRUE
"rose buff","Q115945837","F6CCB0","Pigmentary",TRUE
"rose gold","Q100135995","ECC6C1","General",TRUE
"rose pink","Q111784255","FF66CC","General",TRUE
"rose red","Q115861882","C21E56","General",TRUE
"rose-purple","Q119267768","B09FCA","General",TRUE
"rosewood","Q109440395","65000B","General",TRUE
"rosy brown","Q90809547","BC8F8F","Pigmentary",TRUE
"ruber","Q123852722","CE4676","General",TRUE
"rubine red","Q84432247","D10056","General",TRUE
"ruby red","Q123852833","9B111E","Iridescent",TRUE
"ruddy","Q133189067","FF0028","General",TRUE
"rusty red","Q109442009","DA2C43","General",TRUE
"saddle brown","Q90809553","8B4513","Pigmentary",TRUE
"safety orange","Q1091453","FF8200","General",TRUE
"sage","Q7399114","BCB88A","General",TRUE
"sage green","Q112732446","859477","General",TRUE
"sallow","Q132863112","D9D1B1","General",TRUE
"salsa verde","Q137832067","5E9732","General",TRUE
"sand beige","Q24836972","E6C3C3","General",TRUE
"sandy brown","Q77595803","F4A460","Pigmentary",TRUE
"sangria","Q1171945","92000A","General",TRUE
"sea blue","Q11151270","006994","General",TRUE
"sea green","Q90809560","2E8B57","General",TRUE
"seal brown","Q612837","321414","Pigmentary",TRUE
"sesame","Q106065780","BAA38B","General",TRUE
"slate blue","Q30137105","6A5ACD","General",TRUE
"snow","Q90809562","FFFAFA","General",TRUE
"snow blue","Q18669148","777BCE","General",TRUE
"snuff brown","Q132673694","85725A","Pigmentary",TRUE
"sooty","Q115733625","141414","Pigmentary",TRUE
"spanish red","Q97191297","E60026","General",TRUE
"starlight","Q114877269","F0ECE6","General",TRUE
"steel","Q106056288","738595","General",TRUE
"stout","Q106006649","3B2814","General",TRUE
"sulphur","Q115208329","E5BB26","General",TRUE
"sulu","Q128807812","C6EA80","General",TRUE
"sumi-iro","Q11429442","343434","General",TRUE
"sunset red","Q124302644","EF4136","General",TRUE
"swamp green","Q4009900","ACB78E","General",TRUE
"swarthy","Q115733603","5E5C59","General",TRUE
"taupe","Q2307593","483C32","General",TRUE
"teal blue","Q56881339","367588","General",TRUE
"technobotanica","Q108219690","00FFC0","General",TRUE
"thistle","Q90809566","D8BFD8","General",TRUE
"tile red","Q115859278","7D2917","General",TRUE
"titanium","Q105995092","878681","General",TRUE
"tomato","Q93704722","FF6347","General",TRUE
"turquoise surf","Q77459172","00AFCA","Iridescent",TRUE
"turtledove","Q3535555","BBACAC","General",TRUE
"ukon","Q11673366","FABF14","General",TRUE
"ultramarine","Q17990717","120A8F","General",TRUE
"violet red","Q115858149","F75394","General",TRUE
"vivid sky blue","Q56528582","00CCFF","General",TRUE
"walnut brown","Q137374868","5C5248","Pigmentary",TRUE
"watermelon","Q24820286","FC6C85","General",TRUE
"white wash","Q133278763","F2F4EF","Pigmentary",TRUE
"whitish","Q119984045","F3F2ED","General",TRUE
"wisteria","Q13417144","AFB4DB","General",TRUE
"wood","Q105997630","966F33","General",TRUE
"yellow no. 1","Q11677707","FDBC00","General",TRUE
"yellowish-orange","Q124327868","FFAB0F","General",TRUE
"yellowish-red","Q124327877","EC5300","General",TRUE
"yellowish-white","Q115121358","E9F1D0","Pigmentary",TRUE
"yolk yellow","Q99211754","E2B051","General",TRUE
"young shoot color","Q18459573","E0EBAF","General",TRUE
"Amarillo selectivo","Q2293227","FFBA00","General",TRUE
"Azul YInMn","Q25112525","2E5090","General",TRUE
"Azul claro","Q4405716","99FF99","General",TRUE
"Barbecho (color)","Q3738728","C19A6B","General",TRUE
"Chifón de limón","Q3832523","FFFACD","General",TRUE
"Crudo (color)","Q1970335","CDB891","General",TRUE
"Eigengrau","Q492305","16161D","General",TRUE
"International Klein Blue","Q534583","0033CC","General",TRUE
"Marengo","Q4281308","4C5866","General",TRUE
"Pantone 448C","Q24885519","4A412A","General",TRUE
"Parma","Q3365600","CFA0E9","General",TRUE
"Pizarra","Q1411452","708090","General",TRUE
"RAL 1000","Q35793593","CDBA88","General",TRUE
"RAL 1001","Q35793728","D0B084","General",TRUE
"RAL 1002","Q35795072","C6A664","General",TRUE
"RAL 1003","Q35795226","E5BE01","General",TRUE
"RAL 1004","Q35795382","CDA434","General",TRUE
"RAL 1005","Q35795538","CB8E00","General",TRUE
"RAL 1006","Q35795684","E4A010","General",TRUE
"RAL 1007","Q35795841","DC9D00","General",TRUE
"RAL 1011","Q35795992","8A6642","General",TRUE
"RAL 1012","Q35796144","C7B446","General",TRUE
"RAL 1013","Q35796311","E3D9C6","General",TRUE
"RAL 1014","Q35796473","E1CC4F","General",TRUE
"RAL 1015","Q35796616","E6D690","General",TRUE
"RAL 1016","Q35796790","F3DE38","General",TRUE
"RAL 1017","Q35796948","F5D033","General",TRUE
"RAL 1018","Q35797128","F8F32B","General",TRUE
"RAL 1019","Q35797302","9E9764","General",TRUE
"RAL 1020","Q35797485","999950","General",TRUE
"RAL 1021","Q35797659","F3DA0B","General",TRUE
"RAL 1023","Q2516200","F0CA00","General",TRUE
"RAL 1024","Q35798026","AEA04B","General",TRUE
"RAL 1026","Q35798190","FFFF00","General",TRUE
"RAL 1027","Q35798358","9D9101","General",TRUE
"RAL 1028","Q35798536","F4A900","General",TRUE
"RAL 1032","Q35798732","D6AE01","General",TRUE
"RAL 1033","Q35798896","F3A505","General",TRUE
"RAL 1034","Q35799063","EFA94A","General",TRUE
"RAL 1035","Q35799241","6A5D4D","General",TRUE
"RAL 1036","Q35799419","705335","General",TRUE
"RAL 1037","Q35799583","F39F18","General",TRUE
"RAL 2000","Q35799734","ED760E","General",TRUE
"RAL 2001","Q35799892","C93C20","General",TRUE
"RAL 2002","Q13358072","C63927","General",TRUE
"RAL 2003","Q35800169","FF7514","General",TRUE
"RAL 2004","Q35800284","E75B12","General",TRUE
"RAL 2005","Q35800454","FF2301","General",TRUE
"RAL 2007","Q35800613","FFA420","General",TRUE
"RAL 2008","Q35800800","F75E25","General",TRUE
"RAL 2009","Q35800967","F54021","General",TRUE
"RAL 2010","Q35801141","D84B20","General",TRUE
"RAL 2011","Q35801301","EC7C26","General",TRUE
"RAL 2012","Q35801444","E55137","General",TRUE
"RAL 2013","Q35801605","C35831","General",TRUE
"RAL 3000","Q35801762","A72920","General",TRUE
"RAL 3001","Q35801923","A52019","General",TRUE
"RAL 3002","Q35802093","A2231D","General",TRUE
"RAL 3003","Q35802262","9B111E","General",TRUE
"RAL 3004","Q35802428","75151E","General",TRUE
"RAL 3005","Q35802591","5E2129","General",TRUE
"RAL 3007","Q35802763","412227","General",TRUE
"RAL 3009","Q35802922","642424","General",TRUE
"RAL 3011","Q35803095","781F19","General",TRUE
"RAL 3012","Q35803253","C1876B","General",TRUE
"RAL 3013","Q35803426","A12312","General",TRUE
"RAL 3014","Q35803580","D36E70","General",TRUE
"RAL 3015","Q35803747","EA899A","General",TRUE
"RAL 3016","Q35803934","B32821","General",TRUE
"RAL 3017","Q35804095","CB555D","General",TRUE
"RAL 3018","Q35804261","D53032","General",TRUE
"RAL 3022","Q35804596","D95030","General",TRUE
"RAL 3024","Q35804763","F80000","General",TRUE
"RAL 3026","Q35804944","FE0000","General",TRUE
"RAL 3027","Q35805100","C51D34","General",TRUE
"RAL 3028","Q35805337","CB3234","General",TRUE
"RAL 3031","Q35805516","B32428","General",TRUE
"RAL 3032","Q35805700","721422","General",TRUE
"RAL 3033","Q35805864","B44C43","General",TRUE
"RAL 4001","Q35806038","6D3F5B","General",TRUE
"RAL 4002","Q35806218","922B3E","General",TRUE
"RAL 4003","Q35806380","DE4C8A","General",TRUE
"RAL 4004","Q35806548","641C34","General",TRUE
"RAL 4005","Q35806720","6C4675","General",TRUE
"RAL 4006","Q35806872","A03472","General",TRUE
"RAL 4007","Q35807030","4A192C","General",TRUE
"RAL 4008","Q35807203","924E7D","General",TRUE
"RAL 4009","Q35807372","A18594","General",TRUE
"RAL 4010","Q35807553","CF3476","General",TRUE
"RAL 4011","Q35807728","8673A1","General",TRUE
"RAL 4012","Q35807896","6C6874","General",TRUE
"RAL 5000","Q35808039","354D73","General",TRUE
"RAL 5001","Q35808196","1F3438","General",TRUE
"RAL 5002","Q35808373","20214F","General",TRUE
"RAL 5003","Q35808558","1D1E33","General",TRUE
"RAL 5004","Q35808729","18171C","General",TRUE
"RAL 5005","Q35808900","1E2460","General",TRUE
"RAL 5007","Q35809074","3E5F8A","General",TRUE
"RAL 5008","Q35809237","26252D","General",TRUE
"RAL 5009","Q35809404","025669","General",TRUE
"RAL 5010","Q35809569","0E294B","General",TRUE
"RAL 5011","Q35809740","231A24","General",TRUE
"RAL 5012","Q35809904","3B83BD","General",TRUE
"RAL 5013","Q35810083","1E213D","General",TRUE
"RAL 5014","Q35810264","606E8C","General",TRUE
"RAL 5015","Q35810428","2271B3","General",TRUE
"RAL 5017","Q35810592","063971","General",TRUE
"RAL 5018","Q35810779","3F888F","General",TRUE
"RAL 5019","Q35810954","1B5583","General",TRUE
"RAL 5020","Q35811125","1D334A","General",TRUE
"RAL 5021","Q35811295","256D7B","General",TRUE
"RAL 5022","Q35811470","252850","General",TRUE
"RAL 5023","Q35811636","49678D","General",TRUE
"RAL 5024","Q35811807","5D9B9B","General",TRUE
"RAL 5025","Q35811976","2A6478","General",TRUE
"RAL 5026","Q35812161","102C54","General",TRUE
"RAL 6000","Q35812322","316650","General",TRUE
"RAL 6001","Q35812487","287233","General",TRUE
"RAL 6002","Q35812667","2D572C","General",TRUE
"RAL 6003","Q35812856","424632","General",TRUE
"RAL 6004","Q35813035","1F3A3D","General",TRUE
"RAL 6005","Q35813207","2F4538","General",TRUE
"RAL 6006","Q35813393","3E3B32","General",TRUE
"RAL 6007","Q35813581","283524","General",TRUE
"RAL 6008","Q35813758","39352A","General",TRUE
"RAL 6009","Q35813945","31372B","General",TRUE
"RAL 6010","Q35814136","35682D","General",TRUE
"RAL 6011","Q35814313","587246","General",TRUE
"RAL 6012","Q35814483","343E40","General",TRUE
"RAL 6013","Q35814649","6C7156","General",TRUE
"RAL 6014","Q35814811","47402E","General",TRUE
"RAL 6015","Q35814991","3B3C36","General",TRUE
"RAL 6016","Q35815162","1E5945","General",TRUE
"RAL 6017","Q35815337","4C9141","General",TRUE
"RAL 6018","Q13357866","57A639","General",TRUE
"RAL 6019","Q35815706","BDECB6","General",TRUE
"RAL 6020","Q35815886","2E3A23","General",TRUE
"RAL 6022","Q35816261","25221B","General",TRUE
"RAL 6024","Q35816446","308446","General",TRUE
"RAL 6025","Q35816544","3D642D","General",TRUE
"RAL 6026","Q35816689","015D52","General",TRUE
"RAL 6027","Q35816857","84C3BE","General",TRUE
"RAL 6028","Q35817028","2C5545","General",TRUE
"RAL 6029","Q35817203","20603D","General",TRUE
"RAL 6032","Q35817385","317F43","General",TRUE
"RAL 6033","Q35817562","497E76","General",TRUE
"RAL 6034","Q35817739","7FB5B5","General",TRUE
"RAL 6035","Q35817930","1C542D","General",TRUE
"RAL 6036","Q35818103","193737","General",TRUE
"RAL 6037","Q35818292","008F39","General",TRUE
"RAL 6038","Q35818476","00BB2D","General",TRUE
"RAL 7000","Q35818661","78858B","General",TRUE
"RAL 7001","Q35818841","8A9597","General",TRUE
"RAL 7002","Q35819005","7E7B52","General",TRUE
"RAL 7003","Q35819195","6C7059","General",TRUE
"RAL 7004","Q35819377","969992","General",TRUE
"RAL 7005","Q35819554","6B716F","General",TRUE
"RAL 7006","Q35819720","6D6552","General",TRUE
"RAL 7008","Q35819884","6A5F31","General",TRUE
"RAL 7009","Q35820076","4D5645","General",TRUE
"RAL 7010","Q35820266","4C514A","General",TRUE
"RAL 7011","Q35820436","52595D","General",TRUE
"RAL 7012","Q35820622","4E5754","General",TRUE
"RAL 7013","Q35820797","464531","General",TRUE
"RAL 7015","Q35820981","434750","General",TRUE
"RAL 7016","Q35821163","293133","General",TRUE
"RAL 7021","Q35821341","23282B","General",TRUE
"RAL 7022","Q35821522","332F2C","General",TRUE
"RAL 7023","Q35821726","686C5E","General",TRUE
"RAL 7024","Q35821881","474A51","General",TRUE
"RAL 7026","Q35822050","2F353B","General",TRUE
"RAL 7030","Q35822205","8B8C7A","General",TRUE
"RAL 7031","Q35822371","474B4E","General",TRUE
"RAL 7032","Q35822512","B8B799","General",TRUE
"RAL 7033","Q35822662","7D8471","General",TRUE
"RAL 7034","Q35822819","8F8B66","General",TRUE
"RAL 7035","Q35823000","CBD0CC","General",TRUE
"RAL 7036","Q35823169","7F7679","General",TRUE
"RAL 7037","Q35823333","7D7F7D","General",TRUE
"RAL 7038","Q35823477","B5B8B1","General",TRUE
"RAL 7039","Q35823628","6C6960","General",TRUE
"RAL 7040","Q35823792","9DA1AA","General",TRUE
"RAL 7042","Q35823954","8D948D","General",TRUE
"RAL 7043","Q35824114","4E5452","General",TRUE
"RAL 7044","Q35824273","CAC4B0","General",TRUE
"RAL 7045","Q35824528","909090","General",TRUE
"RAL 7046","Q35824675","82898F","General",TRUE
"RAL 7047","Q35824816","D0D0D0","General",TRUE
"RAL 7048","Q35824957","898176","General",TRUE
"RAL 8000","Q35825105","826C34","General",TRUE
"RAL 8001","Q35825266","955F20","General",TRUE
"RAL 8002","Q35825438","6C3B2A","General",TRUE
"RAL 8003","Q35825605","7E4B26","General",TRUE
"RAL 8004","Q35825779","8E402A","General",TRUE
"RAL 8007","Q35825917","59351F","General",TRUE
"RAL 8008","Q35826061","6F4F28","General",TRUE
"RAL 8011","Q35826203","5B3A29","General",TRUE
"RAL 8012","Q35826345","592321","General",TRUE
"RAL 8014","Q35826472","382C1E","General",TRUE
"RAL 8015","Q35826550","633A34","General",TRUE
"RAL 8016","Q35826631","4C2F27","General",TRUE
"RAL 8017","Q35826695","45322E","General",TRUE
"RAL 8019","Q35826768","403A3A","General",TRUE
"RAL 8022","Q35826841","212121","General",TRUE
"RAL 8023","Q35826914","A65E2E","General",TRUE
"RAL 8024","Q35826979","79553D","General",TRUE
"RAL 8025","Q35827047","755C48","General",TRUE
"RAL 8028","Q35827109","4E3B31","General",TRUE
"RAL 8029","Q35827172","763C28","General",TRUE
"RAL 9001","Q35827236","FDF4E3","General",TRUE
"RAL 9002","Q35827305","E7EBDA","General",TRUE
"RAL 9003","Q35827385","F4F4F4","General",TRUE
"RAL 9004","Q35827472","282828","General",TRUE
"RAL 9005","Q35827533","0E0E10","General",TRUE
"RAL 9006","Q35827598","A5A5A5","General",TRUE
"RAL 9007","Q35827657","8F8F8F","General",TRUE
"RAL 9010","Q35827716","F1ECE1","General",TRUE
"RAL 9011","Q35827776","1C1C1C","General",TRUE
"RAL 9016","Q35827855","F6F6F6","General",TRUE
"RAL 9017","Q35827923","1E1E1E","General",TRUE
"RAL 9018","Q35827995","CFD3CD","General",TRUE
"RAL 9022","Q35828068","9C9C9C","General",TRUE
"RAL 9023","Q35828132","828282","General",TRUE
"Rojo pompeyano","Q3941700","A22E37","General",TRUE
"Rosa naranja","Q5402922","FF9966","General",TRUE
"Rosicler","Q11515057","F19072","General",TRUE
"Shocking pink","Q75737","FF69B4","General",TRUE
"Verde bosque","Q17105502","228B22","General",TRUE
"Verde primavera","Q373787","00FF7F","General",TRUE
"aguamarina","Q372973","7FFFD4","General",TRUE
"albaricoque","Q1324818","FFE5B4","General",TRUE
"alice blue","Q372669","F0F8FF","General",TRUE
"amaranto","Q454847","E52B50","General",TRUE
"amarillento","Q115413960","FFFFE0","General",TRUE
"amarillo","Q27777837","FFFF00","General",TRUE
"amarillo","Q943","FFFF00","General",TRUE
"amarillo Nápoles","Q899295","F7E89F","General",TRUE
"amarillo brillante","Q116787059","FFFF00","General",TRUE
"amarillo cadmio","Q3762375","FFF600","General",TRUE
"amarillo indio","Q55611196","E3A857","General",TRUE
"amarillo pálido","Q119953849","FFFFA7","General",TRUE
"amarillo-verde","Q21864306","9ACD32","General",TRUE
"amatista","Q2631989","9966CC","General",TRUE
"ante","Q2085487","F0DC82","General",TRUE
"aqua","Q372733","00FFFF","General",TRUE
"arena","Q9303163","EDC9AF","General",TRUE
"avellana","Q17122740","5A391C","General",TRUE
"azafrán","Q2725283","F4C430","General",TRUE
"azul","Q17122834","608090","General",TRUE
"azul","Q1088","0000FF","General",TRUE
"azul Bondi","Q10862213","0095B6","General",TRUE
"azul Eton","Q5404819","96C8A2","General",TRUE
"azul Francia","Q953243","002366","General",TRUE
"azul Tiffany","Q950159","81D8D0","General",TRUE
"azul acero","Q1003676","4682B4","General",TRUE
"azul aciano","Q2021643","6495ED","General",TRUE
"azul carreta","Q2906465","8EA2C6","General",TRUE
"azul claro","Q61600018","6888A0","General",TRUE
"azul cobalto","Q425278","0047AB","General",TRUE
"azul de Duke","Q5312932","012169","General",TRUE
"azul egipcio","Q253181","1034A6","General",TRUE
"azul eléctrico","Q373586","7DF9FF","General",TRUE
"azul eléctrico iridiscente","Q23931911","3137FD","General",TRUE
"azul eléctrico profundo","Q23931909","2C75FF","General",TRUE
"azul gris","Q4928721","6699CC","General",TRUE
"azul grisáceo","Q42845936","708090","General",TRUE
"azul marino","Q5975887","000080","General",TRUE
"azul maya","Q901499","73C2FB","General",TRUE
"azul noche","Q947638","0F056B","General",TRUE
"azul oscuro","Q3641131","00008B","General",TRUE
"azul pavo real","Q3641130","004958","General",TRUE
"azul persa","Q2545722","1C39BB","General",TRUE
"azul petróleo","Q2906519","006374","General",TRUE
"azul turquesa","Q84430532","00FFEF","General",TRUE
"azul verde","Q646964","009C8C","General",TRUE
"azul verdoso","Q3375649","608070","General",TRUE
"azul violeta","Q16039699","324AB2","General",TRUE
"azul-violeta","Q14946424","8A2BE2","General",TRUE
"azure","Q373058","007FFF","General",TRUE
"añil","Q5967009","4B0082","General",TRUE
"beige","Q843607","F5F5DC","General",TRUE
"berenjena","Q1403218","614051","General",TRUE
"bermejo","Q4100014","80461B","General",TRUE
"bermejo","Q2419551","A52A2A","General",TRUE
"bermellón","Q737438","E34234","General",TRUE
"blanco","Q23444","FFFFFF","General",TRUE
"blanco","Q62391724","FFFFFF","General",TRUE
"blanco antiguo","Q3639443","FAEBD7","General",TRUE
"blanco de titanio","Q3639460","FFFEEF","General",TRUE
"blanco humo","Q22963968","F5F5F5","General",TRUE
"blanco litopón","Q18657742","FFFFFF","General",TRUE
"blanco navajo","Q1406286","FFDEAD","General",TRUE
"borgoña","Q797446","800020","General",TRUE
"bronce","Q2778382","CD7F32","General",TRUE
"bronceado","Q1670336","D2B48C","General",TRUE
"burdeos","Q10859033","800032","General",TRUE
"café","Q2932937","6F4E37","General",TRUE
"café cortado cósmico","Q2510690","FFF8E7","General",TRUE
"calabaza","Q2564184","FF7518","General",TRUE
"camello","Q17082553","C19A6B","General",TRUE
"canela","Q2936397","D27D2D","General",TRUE
"caoba","Q958012","C04000","General",TRUE
"caqui","Q650770","C3B091","General",TRUE
"cardenal","Q1426821","C41E3A","General",TRUE
"carmesí","Q303826","DC143C","General",TRUE
"carmín","Q10296772","960018","General",TRUE
"carmín de alizarina","Q4727574","E32636","General",TRUE
"castaño","Q2040833","954535","General",TRUE
"castaño claro","Q71404162","B5651D","General",TRUE
"celeste","Q373160","B2FFFF","General",TRUE
"cereza","Q2334511","DE3163","General",TRUE
"cerúleo","Q313120","007BA7","General",TRUE
"chartreuse","Q1153119","B2D63F","General",TRUE
"chocolate","Q3309916","7B3F00","General",TRUE
"cian","Q180778","00FFFF","General",TRUE
"cobre","Q2722041","B87333","General",TRUE
"concha","Q7441815","FFF5EE","General",TRUE
"coral","Q2411228","FF7F50","General",TRUE
"cordobán","Q5170059","893F45","General",TRUE
"crema","Q2730433","FFFDD0","General",TRUE
"durazno","Q5148721","FFE5B4","General",TRUE
"el verde saudí","Q131392587","005430","General",TRUE
"escarlata","Q2268159","FF2400","General",TRUE
"feldgrau","Q492192","4D5D53","General",TRUE
"frambuesa","Q3080423","E30B5C","General",TRUE
"fucsia","Q5005364","FF00FF","General",TRUE
"gamuza","Q972729","E8BD85","General",TRUE
"glauco","Q310115","79A0C1","General",TRUE
"granadina","Q3116435","E9383F","General",TRUE
"granate","Q25393814","800000","General",TRUE
"granate","Q244822","B30033","General",TRUE
"gris","Q17245659","707070","General",TRUE
"gris","Q42519","808080","General",TRUE
"gris acerado","Q3116788","AFAFAF","General",TRUE
"gris cadete","Q3776734","91A3B0","General",TRUE
"gris claro","Q24837023","D3D3D3","General",TRUE
"gris de Payne","Q3116794","536878","General",TRUE
"gris oscuro","Q25614085","404040","General",TRUE
"gris plateado","Q2285791","9C9496","General",TRUE
"grosella","Q3117006","CF0A1D","General",TRUE
"gutagamba","Q909115","E49B0F","General",TRUE
"herrumbre","Q543923","B7410E","General",TRUE
"humo","Q2906500","848884","General",TRUE
"hígado","Q536284","603C1A","General",TRUE
"iceberg","Q18627178","71A6D2","General",TRUE
"jade","Q628657","1B4D3E","General",TRUE
"jazmín","Q6161740","F8DE7E","General",TRUE
"ladrillo","Q2925617","842E1B","General",TRUE
"lava","Q6502169","CF1020","General",TRUE
"lavanda","Q2468392","B57EDC","General",TRUE
"lila","Q12894641","BF00FF","General",TRUE
"lima","Q906936","00FF00","General",TRUE
"limón","Q2720565","FFF700","General",TRUE
"lino","Q3116792","FAF0E6","General",TRUE
"llama","Q10747136","E25822","General",TRUE
"magenta","Q3276756","FF00FF","General",TRUE
"malva","Q604079","E0B0FF","General",TRUE
"marfil","Q1358981","FFFFF0","General",TRUE
"marrón","Q47071","964B00","General",TRUE
"marrón castaño","Q17122705","800000","General",TRUE
"marrón claro","Q79399164","704030","General",TRUE
"marrón claro","Q79483632","B5651D","General",TRUE
"marrón oscuro","Q17244894","600000","General",TRUE
"marrón oscuro","Q3985184","754909","General",TRUE
"marrón-oliva","Q19888352","645403","General",TRUE
"marrón-púrpura","Q19888381","67393F","General",TRUE
"maíz","Q3843568","FBEC5D","General",TRUE
"miel","Q1627085","BC9337","General",TRUE
"mirto","Q3858954","21421E","General",TRUE
"mora","Q218218","572364","General",TRUE
"morado claro","Q61600225","BF77F6","General",TRUE
"morado oscuro","Q19571398","301934","General",TRUE
"mostaza","Q1169566","FFDB58","General",TRUE
"naranja","Q39338","FF7F00","General",TRUE
"naranja-amarillento","Q16645086","FFAA33","General",TRUE
"negro","Q17244465","201010","General",TRUE
"negro","Q23445","000000","General",TRUE
"ocaso","Q11696368","FAD6A5","General",TRUE
"ocre","Q194191","CC7722","General",TRUE
"oro","Q208045","FFD700","General",TRUE
"pajizo","Q7622361","E4D96F","General",TRUE
"pardo claro","Q2138972","E5AA70","General",TRUE
"pardo rojizo","Q71405932","A52A2A","General",TRUE
"pervinca","Q2617229","CCCCFF","General",TRUE
"plata","Q317802","C0C0C0","General",TRUE
"pulga","Q2591774","CC8899","General",TRUE
"púrpura","Q3257809","800080","General",TRUE
"rojo","Q17126729","FF0000","General",TRUE
"rojo","Q3142","FF0000","General",TRUE
"rojo amapola","Q2996915","FF3800","General",TRUE
"rojo cobrizo","Q115863738","CB6D51","General",TRUE
"rojo de Falun","Q498423","801818","General",TRUE
"rojo de cadmio","Q3443208","E30022","General",TRUE
"rojo encarnado","Q3149822","FF6F7D","General",TRUE
"rojo indio","Q16831078","CD5C5C","General",TRUE
"rojo oscuro","Q5223370","8B0000","General",TRUE
"rojo persa","Q1168275","CC3333","General",TRUE
"rojo purpura","Q52367965","953553","General",TRUE
"rojo sangre","Q48988258","660000","General",TRUE
"rojo tráfico","Q2516404","C1121C","General",TRUE
"rojo violáceo","Q1402829","C71585","General",TRUE
"rojo-naranja","Q62058583","FF5349","General",TRUE
"rosa","Q429220","FFC0DB","General",TRUE
"rosa mexicano","Q6826076","F50087","General",TRUE
"rosa palo","Q19364263","DD969C","General",TRUE
"rosa vivo","Q533047","FF007F","General",TRUE
"rosso corsa","Q1632621","CC0000","General",TRUE
"rosáceo","Q22133966","DB5079","General",TRUE
"rubí","Q3446513","E0115F","General",TRUE
"rufo","Q7377969","A81C07","General",TRUE
"salmón","Q2015138","FA8072","General",TRUE
"salmón oscuro","Q90809293","E9967A","General",TRUE
"sangre de buey","Q2013559","730800","General",TRUE
"sepia","Q767608","704214","General",TRUE
"siena","Q899318","A0522D","General",TRUE
"sinopia","Q2303165","CB410B","General",TRUE
"tawny","Q2836489","CD5700","General",TRUE
"terracota","Q3518540","CC4E5C","General",TRUE
"tiziano","Q2906904","BD5620","General",TRUE
"tomate","Q6592940","FF6347","General",TRUE
"trigo","Q958363","F5DEB3","General",TRUE
"turquesa","Q5960345","40E0D0","General",TRUE
"turquí","Q10862356","122562","General",TRUE
"umbra","Q901731","635147","General",TRUE
"vainilla","Q7914921","F3E5AB","General",TRUE
"vara de oro","Q13550497","DAA520","General",TRUE
"verde","Q17122854","707020","General",TRUE
"verde","Q3133","00FF00","General",TRUE
"verde Lincoln","Q6551204","195905","General",TRUE
"verde Veronés","Q2266769","40826D","General",TRUE
"verde azulado","Q1078214","008080","General",TRUE
"verde claro","Q15141723","66FF00","General",TRUE
"verde de Dartmouth","Q18627185","00703C","General",TRUE
"verde esmeralda","Q2465494","009473","General",TRUE
"verde giallo","Q1406264","ADFF2F","General",TRUE
"verde laurel","Q22963919","A9BA9D","General",TRUE
"verde manzana","Q89190389","679267","General",TRUE
"verde oliva","Q864152","808000","General",TRUE
"verde oscuro","Q22963901","006400","General",TRUE
"verde pistacho","Q3389253","94C573","General",TRUE
"verde pálido","Q90878152","98FB98","General",TRUE
"verde-amarillo","Q22963960","ADFF2F","General",TRUE
"vino","Q3014419","722F37","General",TRUE
"violeta","Q27839441","AD5AFF","General",TRUE
"violeta","Q428124","7F00FF","General",TRUE
"zafiro","Q2294908","082567","General",TRUE
"ámbar","Q679355","FFBF00","General",TRUE
"Emerald Green","Q691510","50C878","Iridescent",TRUE
"Golden Green","Q5579480","FFDF00","Iridescent",TRUE
"Sapphire Blue","Q108183","0F52BA","Iridescent",TRUE
"Ruby Red","Q1120984","E0115F","Iridescent",TRUE
"Glittering Copper","Q5168705","AD6F69","Glittering",TRUE
"Fiery Orange","Q1378330","FF9408","Glittering",TRUE
"Violet","Q8063","8F00FF","Iridescent",TRUE
"Rufous","Q7377981","A81C07","Pigmentary",TRUE
"Cinnamon","Q1148100","D2691E","Pigmentary",TRUE
"Buff","Q4985885","F0DC82","Pigmentary",TRUE
"Sooty","Q7562417","121212","Pigmentary",TRUE
"Iridescent Purple","Q211140","6A0DAD","Iridescent",TRUE
